B.Fem.Sp.CTCF	B.CTCF
B.Fo.Sp.CTCF	B.CTCF
B.FrE.BM.CTCF	B.CTCF
B.GC.CB.Sp.CTCF	B.CTCF
B.GC.CC.Sp.CTCF	B.CTCF
B.MZ.Sp.CTCF	B.CTCF
B.PB.Sp.CTCF	B.CTCF
B.PC.BM.CTCF	B.CTCF
B.PC.Sp.CTCF	B.CTCF
B.Sp.CTCF	B.CTCF
B.T1.Sp.CTCF	B.CTCF
B.T2.Sp.CTCF	B.CTCF
B.T3.Sp.CTCF	B.CTCF
B.mem.Sp.CTCF	B.CTCF
B1b.PC.CTCF	B.CTCF
BEC.SLN.CTCF	Stroma.CTCF
DC.103+11b+.SI.CTCF	Dendritic_cell.CTCF
DC.103+11b-.SI.CTCF	Dendritic_cell.CTCF
DC.4+.Sp.CTCF	Dendritic_cell.CTCF
DC.8+.Sp.CTCF	Dendritic_cell.CTCF
DC.pDC.Sp.CTCF	Dendritic_cell.CTCF
Ep.MEChi.Th.CTCF	Stroma.CTCF
FRC.CD140a+.Madcam-.CD35-.SLN.CTCF	Stroma.CTCF
GN.BM.CTCF	Myeloid.CTCF
GN.Sp.CTCF	Myeloid.CTCF
GN.Thio.PC.CTCF	Myeloid.CTCF
IAP.SLN.CTCF	Stroma.CTCF
ILC2.SI.CTCF	ILC.CTCF
ILC3.CCR6+.SI.CTCF	ILC.CTCF
ILC3.NKp46+.SI.CTCF	ILC.CTCF
ILC3.NKp46-CCR6-.SI.CTCF	ILC.CTCF
LEC.SLN.CTCF	Stroma.CTCF
LTHSC.34+.BM.CTCF	S&P.CTCF
LTHSC.34-.BM.CTCF	S&P.CTCF
MF.226+II+480lo.PC.CTCF	Myeloid.CTCF
MF.Alv.Lu.CTCF	Myeloid.CTCF
MF.Fem.PC.CTCF	Myeloid.CTCF
MF.ICAM+480hi.PC.CTCF	Myeloid.CTCF
MF.102+480+.PC.CTCF	Myeloid.CTCF
MF.LP.SI.CTCF	Myeloid.CTCF
MF.PC.CTCF	Myeloid.CTCF
MF.RP.Sp.CTCF	Myeloid.CTCF
MF.microglia.CNS.CTCF	Myeloid.CTCF
MF.pIC.Alv.Lu.CTCF	Myeloid.CTCF
MMP3.48+.BM.CTCF	S&P.CTCF
MMP4.135+.BM.CTCF	S&P.CTCF
Mo.6C+II-.Bl.CTCF	Monocyte.CTCF
Mo.6C-II-.Bl.CTCF	Monocyte.CTCF
NK.27+11b+.BM.CTCF	ILC.CTCF
NK.27+11b+.Sp.CTCF	ILC.CTCF
NK.27+11b-.BM.CTCF	ILC.CTCF
NK.27+11b-.Sp.CTCF	ILC.CTCF
NK.27-11b+.BM.CTCF	ILC.CTCF
NK.27-11b+.Sp.CTCF	ILC.CTCF
NKT.Sp.CTCF	abT.CTCF
NKT.Sp.LPS.18hr.CTCF	T.act.CTCF
NKT.Sp.LPS.3d.CTCF	T.act.CTCF
NKT.Sp.LPS.3hr.CTCF	T.act.CTCF
STHSC.150-.BM.CTCF	S&P.CTCF
T.4.Nve.Fem.Sp.CTCF	abT.CTCF
T.4.Nve.Sp.CTCF	abT.CTCF
T.4.Sp.aCD3+CD40.18hr.CTCF	T.act.CTCF
T.4.Th.CTCF	abT.CTCF
T.8.Nve.Sp.CTCF	abT.CTCF
T.8.Th.CTCF	abT.CTCF
T.DN4.Th.CTCF	abT.CTCF
T.DP.Th.CTCF	abT.CTCF
T.ISP.Th.CTCF	abT.CTCF
T8.IEL.LCMV.d7.SI.CTCF	T.act.CTCF
T8.IEL.LCMV.d7.Gut.CTCF	T.act.CTCF
T8.MP.LCMV.d7.Sp.CTCF	T.act.CTCF
T8.TE.LCMV.d7.Sp.CTCF	T.act.CTCF
T8.TN.P14.Sp.CTCF	T.act.CTCF
T8.Tcm.LCMV.d180.Sp.CTCF	T.act.CTCF
T8.Tem.LCMV.d180.Sp.CTCF	T.act.CTCF
Tgd.Sp.CTCF	gdT.CTCF
Tgd.g1.1+d1.24a+.Th.CTCF	gdT.CTCF
Tgd.g1.1+d1.LN.CTCF	gdT.CTCF
Tgd.g2+d1.24a+.Th.CTCF	gdT.CTCF
Tgd.g2+d1.LN.CTCF	gdT.CTCF
Tgd.g2+d17.24a+.Th.CTCF	gdT.CTCF
Tgd.g2+d17.LN.CTCF	gdT.CTCF
Treg.4.25hi.Sp.CTCF	abT.CTCF
Treg.4.FP3+.Nrplo.Co.CTCF	abT.CTCF
preB.FrD.BM.CTCF	B.CTCF
preT.DN1.Th.CTCF	abT.CTCF
preT.DN2a.Th.CTCF	abT.CTCF
preT.DN2b.Th.CTCF	abT.CTCF
preT.DN3.Th.CTCF	abT.CTCF
proB.CLP.BM.CTCF	B.CTCF
proB.FrA.BM.CTCF	B.CTCF
proB.FrBC.BM.CTCF	B.CTCF
B.B1a.PC.CTCF	B.CTCF
B.B1b.PC.CTCF	B.CTCF
B.GC.CB.Sp.CTCF	B.CTCF
B.GC.CC.Sp.CTCF	B.CTCF
B.MZ.Sp.CTCF	B.CTCF
B.PB.Sp.CTCF	B.CTCF
B.PC.BM.CTCF	B.CTCF
B.PC.Sp.CTCF	B.CTCF
B.fo.CBDM.Sp.CTCF	B.CTCF
B.fo.Nutt.Sp.CTCF	B.CTCF
Ba.IgE.Sp.CTCF	Basophil.CTCF
Ba.Sp.CTCF	Basophil.CTCF
CMP.BM.CTCF	S&P.CTCF
DC.4p.Sp.CTCF	Dendritic_cell.CTCF
DC.8p.Sp.CTCF	Dendritic_cell.CTCF
Ep.mTEChi.Th.CTCF	Stroma.CTCF
GMP.BM.KP.CTCF	S&P.CTCF
GMP.JB.BM.CTCF	S&P.CTCF
GMP.Merad.BM.CTCF	S&P.CTCF
GN.CBDM.Sp.CTCF	Granulocyte.CTCF
Gn.BM.CTCF	Granulocyte.CTCF
Gn.Bl.CTCF	Granulocyte.CTCF
Gn.IL1b.Lu.CTCF	Granulocyte.CTCF
Gn.IL1b.PC.CTCF	Granulocyte.CTCF
Gn.Nigrovic.Sp.CTCF	Granulocyte.CTCF
ILC2.SI.CTCF	ILC.CTCF
ILC3.CCR6nNKp46n.SI.CTCF	ILC.CTCF
ILC3.CCR6p.SI.CTCF	ILC.CTCF
ILC3.NKp46p.SI.CTCF	ILC.CTCF
LSK.BM.CTCF	S&P.CTCF
MEP.BM.CTCF	S&P.CTCF
MF.AM.Lu.CTCF	Macrophage.CTCF
MF.AM.Lu.KP.CTCF	Macrophage.CTCF
MF.Co.CTCF	Macrophage.CTCF
MF.KC.Lv.CTCF	Macrophage.CTCF
MF.PC.CTCF	Macrophage.CTCF
MF.Rp.Sp.CTCF	Macrophage.CTCF
MG.Br.CTCF	Macrophage.CTCF
MZB.Sp.CTCF	B.CTCF
Mc.IgE.PC.CTCF	Mast.CTCF
Mc.PC.CTCF	Mast.CTCF
Mo.6Cp.Sp.CTCF	Monocyte.CTCF
Mo.6CpIIn.BM.CTCF	Monocyte.CTCF
Mo.6CpIIn.BM.KP.CTCF	Monocyte.CTCF
NK.Ly49Hp.Sp.CTCF	ILC.CTCF
NK.Mem.MCMV.d4.Sp.CTCF	ILC.CTCF
NK.Sp.CTCF	ILC.CTCF
NKT.TcrbpCd1dtetp.Lv.CTCF	abT.CTCF
NKT.TcrbpCd1dtetp.Sp.CTCF	abT.CTCF
NKT.TcrbpCd1dtetp.Th.CTCF	abT.CTCF
T.4.Em.Sp.CTCF	abT.CTCF
T.4.Kang.Th.CTCF	abT.CTCF
T.4.Nve.Sp.CTCF	abT.CTCF
T.4.Th.CTCF	abT.CTCF
T.4.aCD3pCD40.18h.Sp.CTCF	abT.CTCF
T.8.Em.Sp.CTCF	abT.CTCF
T.8.Nve.Sp.CTCF	abT.CTCF
T.8.Th.CTCF	abT.CTCF
T.DN4.Th.CTCF	abT.CTCF
T.DP.Th.CTCF	abT.CTCF
T.ISP.Th.CTCF	abT.CTCF
T4.TFH.flu.Sp.CTCF	abT.CTCF
T4.TFH21.flu.Sp.CTCF	abT.CTCF
T4.TFR.flu.Sp.CTCF	abT.CTCF
T4.TH1.flu.Sp.CTCF	abT.CTCF
T4.Tfh.LCMV.d7.Sp.CTCF	abT.CTCF
T4.Tfh.memory.LCMV.d40.Sp.CTCF	abT.CTCF
T4.Th1.LCMV.d7.Sp.CTCF	abT.CTCF
T4.Th1.memory.LCMV.d40.Sp.CTCF	abT.CTCF
T4n.Sp.CTCF	abT.CTCF
T8.IEL.LCMV.d7.SI.CTCF	abT.CTCF
T8.MP.LCMV.d7.Sp.CTCF	abT.CTCF
T8.TE.LCMV.d7.Sp.CTCF	abT.CTCF
T8.TN.P14.Sp.CTCF	abT.CTCF
T8.Tcm.LCMV.d60.Sp.CTCF	abT.CTCF
T8.Tem.LCMV.d60.Sp.CTCF	abT.CTCF
T8em.Sp.CTCF	abT.CTCF
Tgd.CD24n.Th.CTCF	gdT.CTCF
Tgd.Sp.CTCF	gdT.CTCF
Tgd.Vg1.1p.CD24p.Th.CTCF	gdT.CTCF
Tgd.Vg1.1p.CD27p.LN.CTCF	gdT.CTCF
Tgd.Vg2p.CCR6n.LN.CTCF	gdT.CTCF
Tgd.Vg2p.CCR6p.LN.CTCF	gdT.CTCF
Tgd.Vg2p.CD24p.Th.CTCF	gdT.CTCF
Treg.4.25hi.Sp.CTCF	abT.CTCF
Treg.Sp.CTCF	abT.CTCF
aTreg.Sp.CTCF	abT.CTCF
preT.DN1.Th.CTCF	abT.CTCF
preT.DN2a.Th.CTCF	abT.CTCF
preT.DN3.Th.CTCF	abT.CTCF
proB.FrBC.BM.CTCF	B.CTCF
proB.FrD.BM.CTCF	B.CTCF
proB.FrE.BM.CTCF	B.CTCF
rTreg.Sp.CTCF	abT.CTCF
B.Fem.Sp.H3K27ac	B.H3K27ac
B.Fo.Sp.H3K27ac	B.H3K27ac
B.FrE.BM.H3K27ac	B.H3K27ac
B.GC.CB.Sp.H3K27ac	B.H3K27ac
B.GC.CC.Sp.H3K27ac	B.H3K27ac
B.MZ.Sp.H3K27ac	B.H3K27ac
B.PB.Sp.H3K27ac	B.H3K27ac
B.PC.BM.H3K27ac	B.H3K27ac
B.PC.Sp.H3K27ac	B.H3K27ac
B.Sp.H3K27ac	B.H3K27ac
B.T1.Sp.H3K27ac	B.H3K27ac
B.T2.Sp.H3K27ac	B.H3K27ac
B.T3.Sp.H3K27ac	B.H3K27ac
B.mem.Sp.H3K27ac	B.H3K27ac
B1b.PC.H3K27ac	B.H3K27ac
BEC.SLN.H3K27ac	Stroma.H3K27ac
DC.103+11b+.SI.H3K27ac	Dendritic_cell.H3K27ac
DC.103+11b-.SI.H3K27ac	Dendritic_cell.H3K27ac
DC.4+.Sp.H3K27ac	Dendritic_cell.H3K27ac
DC.8+.Sp.H3K27ac	Dendritic_cell.H3K27ac
DC.pDC.Sp.H3K27ac	Dendritic_cell.H3K27ac
Ep.MEChi.Th.H3K27ac	Stroma.H3K27ac
FRC.CD140a+.Madcam-.CD35-.SLN.H3K27ac	Stroma.H3K27ac
GN.BM.H3K27ac	Myeloid.H3K27ac
GN.Sp.H3K27ac	Myeloid.H3K27ac
GN.Thio.PC.H3K27ac	Myeloid.H3K27ac
IAP.SLN.H3K27ac	Stroma.H3K27ac
ILC2.SI.H3K27ac	ILC.H3K27ac
ILC3.CCR6+.SI.H3K27ac	ILC.H3K27ac
ILC3.NKp46+.SI.H3K27ac	ILC.H3K27ac
ILC3.NKp46-CCR6-.SI.H3K27ac	ILC.H3K27ac
LEC.SLN.H3K27ac	Stroma.H3K27ac
LTHSC.34+.BM.H3K27ac	S&P.H3K27ac
LTHSC.34-.BM.H3K27ac	S&P.H3K27ac
MF.226+II+480lo.PC.H3K27ac	Myeloid.H3K27ac
MF.Alv.Lu.H3K27ac	Myeloid.H3K27ac
MF.Fem.PC.H3K27ac	Myeloid.H3K27ac
MF.ICAM+480hi.PC.H3K27ac	Myeloid.H3K27ac
MF.102+480+.PC.H3K27ac	Myeloid.H3K27ac
MF.LP.SI.H3K27ac	Myeloid.H3K27ac
MF.PC.H3K27ac	Myeloid.H3K27ac
MF.RP.Sp.H3K27ac	Myeloid.H3K27ac
MF.microglia.CNS.H3K27ac	Myeloid.H3K27ac
MF.pIC.Alv.Lu.H3K27ac	Myeloid.H3K27ac
MMP3.48+.BM.H3K27ac	S&P.H3K27ac
MMP4.135+.BM.H3K27ac	S&P.H3K27ac
Mo.6C+II-.Bl.H3K27ac	Monocyte.H3K27ac
Mo.6C-II-.Bl.H3K27ac	Monocyte.H3K27ac
NK.27+11b+.BM.H3K27ac	ILC.H3K27ac
NK.27+11b+.Sp.H3K27ac	ILC.H3K27ac
NK.27+11b-.BM.H3K27ac	ILC.H3K27ac
NK.27+11b-.Sp.H3K27ac	ILC.H3K27ac
NK.27-11b+.BM.H3K27ac	ILC.H3K27ac
NK.27-11b+.Sp.H3K27ac	ILC.H3K27ac
NKT.Sp.H3K27ac	abT.H3K27ac
NKT.Sp.LPS.18hr.H3K27ac	T.act.H3K27ac
NKT.Sp.LPS.3d.H3K27ac	T.act.H3K27ac
NKT.Sp.LPS.3hr.H3K27ac	T.act.H3K27ac
STHSC.150-.BM.H3K27ac	S&P.H3K27ac
T.4.Nve.Fem.Sp.H3K27ac	abT.H3K27ac
T.4.Nve.Sp.H3K27ac	abT.H3K27ac
T.4.Sp.aCD3+CD40.18hr.H3K27ac	T.act.H3K27ac
T.4.Th.H3K27ac	abT.H3K27ac
T.8.Nve.Sp.H3K27ac	abT.H3K27ac
T.8.Th.H3K27ac	abT.H3K27ac
T.DN4.Th.H3K27ac	abT.H3K27ac
T.DP.Th.H3K27ac	abT.H3K27ac
T.ISP.Th.H3K27ac	abT.H3K27ac
T8.IEL.LCMV.d7.SI.H3K27ac	T.act.H3K27ac
T8.IEL.LCMV.d7.Gut.H3K27ac	T.act.H3K27ac
T8.MP.LCMV.d7.Sp.H3K27ac	T.act.H3K27ac
T8.TE.LCMV.d7.Sp.H3K27ac	T.act.H3K27ac
T8.TN.P14.Sp.H3K27ac	T.act.H3K27ac
T8.Tcm.LCMV.d180.Sp.H3K27ac	T.act.H3K27ac
T8.Tem.LCMV.d180.Sp.H3K27ac	T.act.H3K27ac
Tgd.Sp.H3K27ac	gdT.H3K27ac
Tgd.g1.1+d1.24a+.Th.H3K27ac	gdT.H3K27ac
Tgd.g1.1+d1.LN.H3K27ac	gdT.H3K27ac
Tgd.g2+d1.24a+.Th.H3K27ac	gdT.H3K27ac
Tgd.g2+d1.LN.H3K27ac	gdT.H3K27ac
Tgd.g2+d17.24a+.Th.H3K27ac	gdT.H3K27ac
Tgd.g2+d17.LN.H3K27ac	gdT.H3K27ac
Treg.4.25hi.Sp.H3K27ac	abT.H3K27ac
Treg.4.FP3+.Nrplo.Co.H3K27ac	abT.H3K27ac
preB.FrD.BM.H3K27ac	B.H3K27ac
preT.DN1.Th.H3K27ac	abT.H3K27ac
preT.DN2a.Th.H3K27ac	abT.H3K27ac
preT.DN2b.Th.H3K27ac	abT.H3K27ac
preT.DN3.Th.H3K27ac	abT.H3K27ac
proB.CLP.BM.H3K27ac	B.H3K27ac
proB.FrA.BM.H3K27ac	B.H3K27ac
proB.FrBC.BM.H3K27ac	B.H3K27ac
B.B1a.PC.H3K27ac	B.H3K27ac
B.B1b.PC.H3K27ac	B.H3K27ac
B.GC.CB.Sp.H3K27ac	B.H3K27ac
B.GC.CC.Sp.H3K27ac	B.H3K27ac
B.MZ.Sp.H3K27ac	B.H3K27ac
B.PB.Sp.H3K27ac	B.H3K27ac
B.PC.BM.H3K27ac	B.H3K27ac
B.PC.Sp.H3K27ac	B.H3K27ac
B.fo.CBDM.Sp.H3K27ac	B.H3K27ac
B.fo.Nutt.Sp.H3K27ac	B.H3K27ac
Ba.IgE.Sp.H3K27ac	Basophil.H3K27ac
Ba.Sp.H3K27ac	Basophil.H3K27ac
CMP.BM.H3K27ac	S&P.H3K27ac
DC.4p.Sp.H3K27ac	Dendritic_cell.H3K27ac
DC.8p.Sp.H3K27ac	Dendritic_cell.H3K27ac
Ep.mTEChi.Th.H3K27ac	Stroma.H3K27ac
GMP.BM.KP.H3K27ac	S&P.H3K27ac
GMP.JB.BM.H3K27ac	S&P.H3K27ac
GMP.Merad.BM.H3K27ac	S&P.H3K27ac
GN.CBDM.Sp.H3K27ac	Granulocyte.H3K27ac
Gn.BM.H3K27ac	Granulocyte.H3K27ac
Gn.Bl.H3K27ac	Granulocyte.H3K27ac
Gn.IL1b.Lu.H3K27ac	Granulocyte.H3K27ac
Gn.IL1b.PC.H3K27ac	Granulocyte.H3K27ac
Gn.Nigrovic.Sp.H3K27ac	Granulocyte.H3K27ac
ILC2.SI.H3K27ac	ILC.H3K27ac
ILC3.CCR6nNKp46n.SI.H3K27ac	ILC.H3K27ac
ILC3.CCR6p.SI.H3K27ac	ILC.H3K27ac
ILC3.NKp46p.SI.H3K27ac	ILC.H3K27ac
LSK.BM.H3K27ac	S&P.H3K27ac
MEP.BM.H3K27ac	S&P.H3K27ac
MF.AM.Lu.H3K27ac	Macrophage.H3K27ac
MF.AM.Lu.KP.H3K27ac	Macrophage.H3K27ac
MF.Co.H3K27ac	Macrophage.H3K27ac
MF.KC.Lv.H3K27ac	Macrophage.H3K27ac
MF.PC.H3K27ac	Macrophage.H3K27ac
MF.Rp.Sp.H3K27ac	Macrophage.H3K27ac
MG.Br.H3K27ac	Macrophage.H3K27ac
MZB.Sp.H3K27ac	B.H3K27ac
Mc.IgE.PC.H3K27ac	Mast.H3K27ac
Mc.PC.H3K27ac	Mast.H3K27ac
Mo.6Cp.Sp.H3K27ac	Monocyte.H3K27ac
Mo.6CpIIn.BM.H3K27ac	Monocyte.H3K27ac
Mo.6CpIIn.BM.KP.H3K27ac	Monocyte.H3K27ac
NK.Ly49Hp.Sp.H3K27ac	ILC.H3K27ac
NK.Mem.MCMV.d4.Sp.H3K27ac	ILC.H3K27ac
NK.Sp.H3K27ac	ILC.H3K27ac
NKT.TcrbpCd1dtetp.Lv.H3K27ac	abT.H3K27ac
NKT.TcrbpCd1dtetp.Sp.H3K27ac	abT.H3K27ac
NKT.TcrbpCd1dtetp.Th.H3K27ac	abT.H3K27ac
T.4.Em.Sp.H3K27ac	abT.H3K27ac
T.4.Kang.Th.H3K27ac	abT.H3K27ac
T.4.Nve.Sp.H3K27ac	abT.H3K27ac
T.4.Th.H3K27ac	abT.H3K27ac
T.4.aCD3pCD40.18h.Sp.H3K27ac	abT.H3K27ac
T.8.Em.Sp.H3K27ac	abT.H3K27ac
T.8.Nve.Sp.H3K27ac	abT.H3K27ac
T.8.Th.H3K27ac	abT.H3K27ac
T.DN4.Th.H3K27ac	abT.H3K27ac
T.DP.Th.H3K27ac	abT.H3K27ac
T.ISP.Th.H3K27ac	abT.H3K27ac
T4.TFH.flu.Sp.H3K27ac	abT.H3K27ac
T4.TFH21.flu.Sp.H3K27ac	abT.H3K27ac
T4.TFR.flu.Sp.H3K27ac	abT.H3K27ac
T4.TH1.flu.Sp.H3K27ac	abT.H3K27ac
T4.Tfh.LCMV.d7.Sp.H3K27ac	abT.H3K27ac
T4.Tfh.memory.LCMV.d40.Sp.H3K27ac	abT.H3K27ac
T4.Th1.LCMV.d7.Sp.H3K27ac	abT.H3K27ac
T4.Th1.memory.LCMV.d40.Sp.H3K27ac	abT.H3K27ac
T4n.Sp.H3K27ac	abT.H3K27ac
T8.IEL.LCMV.d7.SI.H3K27ac	abT.H3K27ac
T8.MP.LCMV.d7.Sp.H3K27ac	abT.H3K27ac
T8.TE.LCMV.d7.Sp.H3K27ac	abT.H3K27ac
T8.TN.P14.Sp.H3K27ac	abT.H3K27ac
T8.Tcm.LCMV.d60.Sp.H3K27ac	abT.H3K27ac
T8.Tem.LCMV.d60.Sp.H3K27ac	abT.H3K27ac
T8em.Sp.H3K27ac	abT.H3K27ac
Tgd.CD24n.Th.H3K27ac	gdT.H3K27ac
Tgd.Sp.H3K27ac	gdT.H3K27ac
Tgd.Vg1.1p.CD24p.Th.H3K27ac	gdT.H3K27ac
Tgd.Vg1.1p.CD27p.LN.H3K27ac	gdT.H3K27ac
Tgd.Vg2p.CCR6n.LN.H3K27ac	gdT.H3K27ac
Tgd.Vg2p.CCR6p.LN.H3K27ac	gdT.H3K27ac
Tgd.Vg2p.CD24p.Th.H3K27ac	gdT.H3K27ac
Treg.4.25hi.Sp.H3K27ac	abT.H3K27ac
Treg.Sp.H3K27ac	abT.H3K27ac
aTreg.Sp.H3K27ac	abT.H3K27ac
preT.DN1.Th.H3K27ac	abT.H3K27ac
preT.DN2a.Th.H3K27ac	abT.H3K27ac
preT.DN3.Th.H3K27ac	abT.H3K27ac
proB.FrBC.BM.H3K27ac	B.H3K27ac
proB.FrD.BM.H3K27ac	B.H3K27ac
proB.FrE.BM.H3K27ac	B.H3K27ac
rTreg.Sp.H3K27ac	abT.H3K27ac
B.Fem.Sp.H3K36me3	B.H3K36me3
B.Fo.Sp.H3K36me3	B.H3K36me3
B.FrE.BM.H3K36me3	B.H3K36me3
B.GC.CB.Sp.H3K36me3	B.H3K36me3
B.GC.CC.Sp.H3K36me3	B.H3K36me3
B.MZ.Sp.H3K36me3	B.H3K36me3
B.PB.Sp.H3K36me3	B.H3K36me3
B.PC.BM.H3K36me3	B.H3K36me3
B.PC.Sp.H3K36me3	B.H3K36me3
B.Sp.H3K36me3	B.H3K36me3
B.T1.Sp.H3K36me3	B.H3K36me3
B.T2.Sp.H3K36me3	B.H3K36me3
B.T3.Sp.H3K36me3	B.H3K36me3
B.mem.Sp.H3K36me3	B.H3K36me3
B1b.PC.H3K36me3	B.H3K36me3
BEC.SLN.H3K36me3	Stroma.H3K36me3
DC.103+11b+.SI.H3K36me3	Dendritic_cell.H3K36me3
DC.103+11b-.SI.H3K36me3	Dendritic_cell.H3K36me3
DC.4+.Sp.H3K36me3	Dendritic_cell.H3K36me3
DC.8+.Sp.H3K36me3	Dendritic_cell.H3K36me3
DC.pDC.Sp.H3K36me3	Dendritic_cell.H3K36me3
Ep.MEChi.Th.H3K36me3	Stroma.H3K36me3
FRC.CD140a+.Madcam-.CD35-.SLN.H3K36me3	Stroma.H3K36me3
GN.BM.H3K36me3	Myeloid.H3K36me3
GN.Sp.H3K36me3	Myeloid.H3K36me3
GN.Thio.PC.H3K36me3	Myeloid.H3K36me3
IAP.SLN.H3K36me3	Stroma.H3K36me3
ILC2.SI.H3K36me3	ILC.H3K36me3
ILC3.CCR6+.SI.H3K36me3	ILC.H3K36me3
ILC3.NKp46+.SI.H3K36me3	ILC.H3K36me3
ILC3.NKp46-CCR6-.SI.H3K36me3	ILC.H3K36me3
LEC.SLN.H3K36me3	Stroma.H3K36me3
LTHSC.34+.BM.H3K36me3	S&P.H3K36me3
LTHSC.34-.BM.H3K36me3	S&P.H3K36me3
MF.226+II+480lo.PC.H3K36me3	Myeloid.H3K36me3
MF.Alv.Lu.H3K36me3	Myeloid.H3K36me3
MF.Fem.PC.H3K36me3	Myeloid.H3K36me3
MF.ICAM+480hi.PC.H3K36me3	Myeloid.H3K36me3
MF.102+480+.PC.H3K36me3	Myeloid.H3K36me3
MF.LP.SI.H3K36me3	Myeloid.H3K36me3
MF.PC.H3K36me3	Myeloid.H3K36me3
MF.RP.Sp.H3K36me3	Myeloid.H3K36me3
MF.microglia.CNS.H3K36me3	Myeloid.H3K36me3
MF.pIC.Alv.Lu.H3K36me3	Myeloid.H3K36me3
MMP3.48+.BM.H3K36me3	S&P.H3K36me3
MMP4.135+.BM.H3K36me3	S&P.H3K36me3
Mo.6C+II-.Bl.H3K36me3	Monocyte.H3K36me3
Mo.6C-II-.Bl.H3K36me3	Monocyte.H3K36me3
NK.27+11b+.BM.H3K36me3	ILC.H3K36me3
NK.27+11b+.Sp.H3K36me3	ILC.H3K36me3
NK.27+11b-.BM.H3K36me3	ILC.H3K36me3
NK.27+11b-.Sp.H3K36me3	ILC.H3K36me3
NK.27-11b+.BM.H3K36me3	ILC.H3K36me3
NK.27-11b+.Sp.H3K36me3	ILC.H3K36me3
NKT.Sp.H3K36me3	abT.H3K36me3
NKT.Sp.LPS.18hr.H3K36me3	T.act.H3K36me3
NKT.Sp.LPS.3d.H3K36me3	T.act.H3K36me3
NKT.Sp.LPS.3hr.H3K36me3	T.act.H3K36me3
STHSC.150-.BM.H3K36me3	S&P.H3K36me3
T.4.Nve.Fem.Sp.H3K36me3	abT.H3K36me3
T.4.Nve.Sp.H3K36me3	abT.H3K36me3
T.4.Sp.aCD3+CD40.18hr.H3K36me3	T.act.H3K36me3
T.4.Th.H3K36me3	abT.H3K36me3
T.8.Nve.Sp.H3K36me3	abT.H3K36me3
T.8.Th.H3K36me3	abT.H3K36me3
T.DN4.Th.H3K36me3	abT.H3K36me3
T.DP.Th.H3K36me3	abT.H3K36me3
T.ISP.Th.H3K36me3	abT.H3K36me3
T8.IEL.LCMV.d7.SI.H3K36me3	T.act.H3K36me3
T8.IEL.LCMV.d7.Gut.H3K36me3	T.act.H3K36me3
T8.MP.LCMV.d7.Sp.H3K36me3	T.act.H3K36me3
T8.TE.LCMV.d7.Sp.H3K36me3	T.act.H3K36me3
T8.TN.P14.Sp.H3K36me3	T.act.H3K36me3
T8.Tcm.LCMV.d180.Sp.H3K36me3	T.act.H3K36me3
T8.Tem.LCMV.d180.Sp.H3K36me3	T.act.H3K36me3
Tgd.Sp.H3K36me3	gdT.H3K36me3
Tgd.g1.1+d1.24a+.Th.H3K36me3	gdT.H3K36me3
Tgd.g1.1+d1.LN.H3K36me3	gdT.H3K36me3
Tgd.g2+d1.24a+.Th.H3K36me3	gdT.H3K36me3
Tgd.g2+d1.LN.H3K36me3	gdT.H3K36me3
Tgd.g2+d17.24a+.Th.H3K36me3	gdT.H3K36me3
Tgd.g2+d17.LN.H3K36me3	gdT.H3K36me3
Treg.4.25hi.Sp.H3K36me3	abT.H3K36me3
Treg.4.FP3+.Nrplo.Co.H3K36me3	abT.H3K36me3
preB.FrD.BM.H3K36me3	B.H3K36me3
preT.DN1.Th.H3K36me3	abT.H3K36me3
preT.DN2a.Th.H3K36me3	abT.H3K36me3
preT.DN2b.Th.H3K36me3	abT.H3K36me3
preT.DN3.Th.H3K36me3	abT.H3K36me3
proB.CLP.BM.H3K36me3	B.H3K36me3
proB.FrA.BM.H3K36me3	B.H3K36me3
proB.FrBC.BM.H3K36me3	B.H3K36me3
B.B1a.PC.H3K36me3	B.H3K36me3
B.B1b.PC.H3K36me3	B.H3K36me3
B.GC.CB.Sp.H3K36me3	B.H3K36me3
B.GC.CC.Sp.H3K36me3	B.H3K36me3
B.MZ.Sp.H3K36me3	B.H3K36me3
B.PB.Sp.H3K36me3	B.H3K36me3
B.PC.BM.H3K36me3	B.H3K36me3
B.PC.Sp.H3K36me3	B.H3K36me3
B.fo.CBDM.Sp.H3K36me3	B.H3K36me3
B.fo.Nutt.Sp.H3K36me3	B.H3K36me3
Ba.IgE.Sp.H3K36me3	Basophil.H3K36me3
Ba.Sp.H3K36me3	Basophil.H3K36me3
CMP.BM.H3K36me3	S&P.H3K36me3
DC.4p.Sp.H3K36me3	Dendritic_cell.H3K36me3
DC.8p.Sp.H3K36me3	Dendritic_cell.H3K36me3
Ep.mTEChi.Th.H3K36me3	Stroma.H3K36me3
GMP.BM.KP.H3K36me3	S&P.H3K36me3
GMP.JB.BM.H3K36me3	S&P.H3K36me3
GMP.Merad.BM.H3K36me3	S&P.H3K36me3
GN.CBDM.Sp.H3K36me3	Granulocyte.H3K36me3
Gn.BM.H3K36me3	Granulocyte.H3K36me3
Gn.Bl.H3K36me3	Granulocyte.H3K36me3
Gn.IL1b.Lu.H3K36me3	Granulocyte.H3K36me3
Gn.IL1b.PC.H3K36me3	Granulocyte.H3K36me3
Gn.Nigrovic.Sp.H3K36me3	Granulocyte.H3K36me3
ILC2.SI.H3K36me3	ILC.H3K36me3
ILC3.CCR6nNKp46n.SI.H3K36me3	ILC.H3K36me3
ILC3.CCR6p.SI.H3K36me3	ILC.H3K36me3
ILC3.NKp46p.SI.H3K36me3	ILC.H3K36me3
LSK.BM.H3K36me3	S&P.H3K36me3
MEP.BM.H3K36me3	S&P.H3K36me3
MF.AM.Lu.H3K36me3	Macrophage.H3K36me3
MF.AM.Lu.KP.H3K36me3	Macrophage.H3K36me3
MF.Co.H3K36me3	Macrophage.H3K36me3
MF.KC.Lv.H3K36me3	Macrophage.H3K36me3
MF.PC.H3K36me3	Macrophage.H3K36me3
MF.Rp.Sp.H3K36me3	Macrophage.H3K36me3
MG.Br.H3K36me3	Macrophage.H3K36me3
MZB.Sp.H3K36me3	B.H3K36me3
Mc.IgE.PC.H3K36me3	Mast.H3K36me3
Mc.PC.H3K36me3	Mast.H3K36me3
Mo.6Cp.Sp.H3K36me3	Monocyte.H3K36me3
Mo.6CpIIn.BM.H3K36me3	Monocyte.H3K36me3
Mo.6CpIIn.BM.KP.H3K36me3	Monocyte.H3K36me3
NK.Ly49Hp.Sp.H3K36me3	ILC.H3K36me3
NK.Mem.MCMV.d4.Sp.H3K36me3	ILC.H3K36me3
NK.Sp.H3K36me3	ILC.H3K36me3
NKT.TcrbpCd1dtetp.Lv.H3K36me3	abT.H3K36me3
NKT.TcrbpCd1dtetp.Sp.H3K36me3	abT.H3K36me3
NKT.TcrbpCd1dtetp.Th.H3K36me3	abT.H3K36me3
T.4.Em.Sp.H3K36me3	abT.H3K36me3
T.4.Kang.Th.H3K36me3	abT.H3K36me3
T.4.Nve.Sp.H3K36me3	abT.H3K36me3
T.4.Th.H3K36me3	abT.H3K36me3
T.4.aCD3pCD40.18h.Sp.H3K36me3	abT.H3K36me3
T.8.Em.Sp.H3K36me3	abT.H3K36me3
T.8.Nve.Sp.H3K36me3	abT.H3K36me3
T.8.Th.H3K36me3	abT.H3K36me3
T.DN4.Th.H3K36me3	abT.H3K36me3
T.DP.Th.H3K36me3	abT.H3K36me3
T.ISP.Th.H3K36me3	abT.H3K36me3
T4.TFH.flu.Sp.H3K36me3	abT.H3K36me3
T4.TFH21.flu.Sp.H3K36me3	abT.H3K36me3
T4.TFR.flu.Sp.H3K36me3	abT.H3K36me3
T4.TH1.flu.Sp.H3K36me3	abT.H3K36me3
T4.Tfh.LCMV.d7.Sp.H3K36me3	abT.H3K36me3
T4.Tfh.memory.LCMV.d40.Sp.H3K36me3	abT.H3K36me3
T4.Th1.LCMV.d7.Sp.H3K36me3	abT.H3K36me3
T4.Th1.memory.LCMV.d40.Sp.H3K36me3	abT.H3K36me3
T4n.Sp.H3K36me3	abT.H3K36me3
T8.IEL.LCMV.d7.SI.H3K36me3	abT.H3K36me3
T8.MP.LCMV.d7.Sp.H3K36me3	abT.H3K36me3
T8.TE.LCMV.d7.Sp.H3K36me3	abT.H3K36me3
T8.TN.P14.Sp.H3K36me3	abT.H3K36me3
T8.Tcm.LCMV.d60.Sp.H3K36me3	abT.H3K36me3
T8.Tem.LCMV.d60.Sp.H3K36me3	abT.H3K36me3
T8em.Sp.H3K36me3	abT.H3K36me3
Tgd.CD24n.Th.H3K36me3	gdT.H3K36me3
Tgd.Sp.H3K36me3	gdT.H3K36me3
Tgd.Vg1.1p.CD24p.Th.H3K36me3	gdT.H3K36me3
Tgd.Vg1.1p.CD27p.LN.H3K36me3	gdT.H3K36me3
Tgd.Vg2p.CCR6n.LN.H3K36me3	gdT.H3K36me3
Tgd.Vg2p.CCR6p.LN.H3K36me3	gdT.H3K36me3
Tgd.Vg2p.CD24p.Th.H3K36me3	gdT.H3K36me3
Treg.4.25hi.Sp.H3K36me3	abT.H3K36me3
Treg.Sp.H3K36me3	abT.H3K36me3
aTreg.Sp.H3K36me3	abT.H3K36me3
preT.DN1.Th.H3K36me3	abT.H3K36me3
preT.DN2a.Th.H3K36me3	abT.H3K36me3
preT.DN3.Th.H3K36me3	abT.H3K36me3
proB.FrBC.BM.H3K36me3	B.H3K36me3
proB.FrD.BM.H3K36me3	B.H3K36me3
proB.FrE.BM.H3K36me3	B.H3K36me3
rTreg.Sp.H3K36me3	abT.H3K36me3
B.Fem.Sp.H3K4me3	B.H3K4me3
B.Fo.Sp.H3K4me3	B.H3K4me3
B.FrE.BM.H3K4me3	B.H3K4me3
B.GC.CB.Sp.H3K4me3	B.H3K4me3
B.GC.CC.Sp.H3K4me3	B.H3K4me3
B.MZ.Sp.H3K4me3	B.H3K4me3
B.PB.Sp.H3K4me3	B.H3K4me3
B.PC.BM.H3K4me3	B.H3K4me3
B.PC.Sp.H3K4me3	B.H3K4me3
B.Sp.H3K4me3	B.H3K4me3
B.T1.Sp.H3K4me3	B.H3K4me3
B.T2.Sp.H3K4me3	B.H3K4me3
B.T3.Sp.H3K4me3	B.H3K4me3
B.mem.Sp.H3K4me3	B.H3K4me3
B1b.PC.H3K4me3	B.H3K4me3
BEC.SLN.H3K4me3	Stroma.H3K4me3
DC.103+11b+.SI.H3K4me3	Dendritic_cell.H3K4me3
DC.103+11b-.SI.H3K4me3	Dendritic_cell.H3K4me3
DC.4+.Sp.H3K4me3	Dendritic_cell.H3K4me3
DC.8+.Sp.H3K4me3	Dendritic_cell.H3K4me3
DC.pDC.Sp.H3K4me3	Dendritic_cell.H3K4me3
Ep.MEChi.Th.H3K4me3	Stroma.H3K4me3
FRC.CD140a+.Madcam-.CD35-.SLN.H3K4me3	Stroma.H3K4me3
GN.BM.H3K4me3	Myeloid.H3K4me3
GN.Sp.H3K4me3	Myeloid.H3K4me3
GN.Thio.PC.H3K4me3	Myeloid.H3K4me3
IAP.SLN.H3K4me3	Stroma.H3K4me3
ILC2.SI.H3K4me3	ILC.H3K4me3
ILC3.CCR6+.SI.H3K4me3	ILC.H3K4me3
ILC3.NKp46+.SI.H3K4me3	ILC.H3K4me3
ILC3.NKp46-CCR6-.SI.H3K4me3	ILC.H3K4me3
LEC.SLN.H3K4me3	Stroma.H3K4me3
LTHSC.34+.BM.H3K4me3	S&P.H3K4me3
LTHSC.34-.BM.H3K4me3	S&P.H3K4me3
MF.226+II+480lo.PC.H3K4me3	Myeloid.H3K4me3
MF.Alv.Lu.H3K4me3	Myeloid.H3K4me3
MF.Fem.PC.H3K4me3	Myeloid.H3K4me3
MF.ICAM+480hi.PC.H3K4me3	Myeloid.H3K4me3
MF.102+480+.PC.H3K4me3	Myeloid.H3K4me3
MF.LP.SI.H3K4me3	Myeloid.H3K4me3
MF.PC.H3K4me3	Myeloid.H3K4me3
MF.RP.Sp.H3K4me3	Myeloid.H3K4me3
MF.microglia.CNS.H3K4me3	Myeloid.H3K4me3
MF.pIC.Alv.Lu.H3K4me3	Myeloid.H3K4me3
MMP3.48+.BM.H3K4me3	S&P.H3K4me3
MMP4.135+.BM.H3K4me3	S&P.H3K4me3
Mo.6C+II-.Bl.H3K4me3	Monocyte.H3K4me3
Mo.6C-II-.Bl.H3K4me3	Monocyte.H3K4me3
NK.27+11b+.BM.H3K4me3	ILC.H3K4me3
NK.27+11b+.Sp.H3K4me3	ILC.H3K4me3
NK.27+11b-.BM.H3K4me3	ILC.H3K4me3
NK.27+11b-.Sp.H3K4me3	ILC.H3K4me3
NK.27-11b+.BM.H3K4me3	ILC.H3K4me3
NK.27-11b+.Sp.H3K4me3	ILC.H3K4me3
NKT.Sp.H3K4me3	abT.H3K4me3
NKT.Sp.LPS.18hr.H3K4me3	T.act.H3K4me3
NKT.Sp.LPS.3d.H3K4me3	T.act.H3K4me3
NKT.Sp.LPS.3hr.H3K4me3	T.act.H3K4me3
STHSC.150-.BM.H3K4me3	S&P.H3K4me3
T.4.Nve.Fem.Sp.H3K4me3	abT.H3K4me3
T.4.Nve.Sp.H3K4me3	abT.H3K4me3
T.4.Sp.aCD3+CD40.18hr.H3K4me3	T.act.H3K4me3
T.4.Th.H3K4me3	abT.H3K4me3
T.8.Nve.Sp.H3K4me3	abT.H3K4me3
T.8.Th.H3K4me3	abT.H3K4me3
T.DN4.Th.H3K4me3	abT.H3K4me3
T.DP.Th.H3K4me3	abT.H3K4me3
T.ISP.Th.H3K4me3	abT.H3K4me3
T8.IEL.LCMV.d7.SI.H3K4me3	T.act.H3K4me3
T8.IEL.LCMV.d7.Gut.H3K4me3	T.act.H3K4me3
T8.MP.LCMV.d7.Sp.H3K4me3	T.act.H3K4me3
T8.TE.LCMV.d7.Sp.H3K4me3	T.act.H3K4me3
T8.TN.P14.Sp.H3K4me3	T.act.H3K4me3
T8.Tcm.LCMV.d180.Sp.H3K4me3	T.act.H3K4me3
T8.Tem.LCMV.d180.Sp.H3K4me3	T.act.H3K4me3
Tgd.Sp.H3K4me3	gdT.H3K4me3
Tgd.g1.1+d1.24a+.Th.H3K4me3	gdT.H3K4me3
Tgd.g1.1+d1.LN.H3K4me3	gdT.H3K4me3
Tgd.g2+d1.24a+.Th.H3K4me3	gdT.H3K4me3
Tgd.g2+d1.LN.H3K4me3	gdT.H3K4me3
Tgd.g2+d17.24a+.Th.H3K4me3	gdT.H3K4me3
Tgd.g2+d17.LN.H3K4me3	gdT.H3K4me3
Treg.4.25hi.Sp.H3K4me3	abT.H3K4me3
Treg.4.FP3+.Nrplo.Co.H3K4me3	abT.H3K4me3
preB.FrD.BM.H3K4me3	B.H3K4me3
preT.DN1.Th.H3K4me3	abT.H3K4me3
preT.DN2a.Th.H3K4me3	abT.H3K4me3
preT.DN2b.Th.H3K4me3	abT.H3K4me3
preT.DN3.Th.H3K4me3	abT.H3K4me3
proB.CLP.BM.H3K4me3	B.H3K4me3
proB.FrA.BM.H3K4me3	B.H3K4me3
proB.FrBC.BM.H3K4me3	B.H3K4me3
B.B1a.PC.H3K4me3	B.H3K4me3
B.B1b.PC.H3K4me3	B.H3K4me3
B.GC.CB.Sp.H3K4me3	B.H3K4me3
B.GC.CC.Sp.H3K4me3	B.H3K4me3
B.MZ.Sp.H3K4me3	B.H3K4me3
B.PB.Sp.H3K4me3	B.H3K4me3
B.PC.BM.H3K4me3	B.H3K4me3
B.PC.Sp.H3K4me3	B.H3K4me3
B.fo.CBDM.Sp.H3K4me3	B.H3K4me3
B.fo.Nutt.Sp.H3K4me3	B.H3K4me3
Ba.IgE.Sp.H3K4me3	Basophil.H3K4me3
Ba.Sp.H3K4me3	Basophil.H3K4me3
CMP.BM.H3K4me3	S&P.H3K4me3
DC.4p.Sp.H3K4me3	Dendritic_cell.H3K4me3
DC.8p.Sp.H3K4me3	Dendritic_cell.H3K4me3
Ep.mTEChi.Th.H3K4me3	Stroma.H3K4me3
GMP.BM.KP.H3K4me3	S&P.H3K4me3
GMP.JB.BM.H3K4me3	S&P.H3K4me3
GMP.Merad.BM.H3K4me3	S&P.H3K4me3
GN.CBDM.Sp.H3K4me3	Granulocyte.H3K4me3
Gn.BM.H3K4me3	Granulocyte.H3K4me3
Gn.Bl.H3K4me3	Granulocyte.H3K4me3
Gn.IL1b.Lu.H3K4me3	Granulocyte.H3K4me3
Gn.IL1b.PC.H3K4me3	Granulocyte.H3K4me3
Gn.Nigrovic.Sp.H3K4me3	Granulocyte.H3K4me3
ILC2.SI.H3K4me3	ILC.H3K4me3
ILC3.CCR6nNKp46n.SI.H3K4me3	ILC.H3K4me3
ILC3.CCR6p.SI.H3K4me3	ILC.H3K4me3
ILC3.NKp46p.SI.H3K4me3	ILC.H3K4me3
LSK.BM.H3K4me3	S&P.H3K4me3
MEP.BM.H3K4me3	S&P.H3K4me3
MF.AM.Lu.H3K4me3	Macrophage.H3K4me3
MF.AM.Lu.KP.H3K4me3	Macrophage.H3K4me3
MF.Co.H3K4me3	Macrophage.H3K4me3
MF.KC.Lv.H3K4me3	Macrophage.H3K4me3
MF.PC.H3K4me3	Macrophage.H3K4me3
MF.Rp.Sp.H3K4me3	Macrophage.H3K4me3
MG.Br.H3K4me3	Macrophage.H3K4me3
MZB.Sp.H3K4me3	B.H3K4me3
Mc.IgE.PC.H3K4me3	Mast.H3K4me3
Mc.PC.H3K4me3	Mast.H3K4me3
Mo.6Cp.Sp.H3K4me3	Monocyte.H3K4me3
Mo.6CpIIn.BM.H3K4me3	Monocyte.H3K4me3
Mo.6CpIIn.BM.KP.H3K4me3	Monocyte.H3K4me3
NK.Ly49Hp.Sp.H3K4me3	ILC.H3K4me3
NK.Mem.MCMV.d4.Sp.H3K4me3	ILC.H3K4me3
NK.Sp.H3K4me3	ILC.H3K4me3
NKT.TcrbpCd1dtetp.Lv.H3K4me3	abT.H3K4me3
NKT.TcrbpCd1dtetp.Sp.H3K4me3	abT.H3K4me3
NKT.TcrbpCd1dtetp.Th.H3K4me3	abT.H3K4me3
T.4.Em.Sp.H3K4me3	abT.H3K4me3
T.4.Kang.Th.H3K4me3	abT.H3K4me3
T.4.Nve.Sp.H3K4me3	abT.H3K4me3
T.4.Th.H3K4me3	abT.H3K4me3
T.4.aCD3pCD40.18h.Sp.H3K4me3	abT.H3K4me3
T.8.Em.Sp.H3K4me3	abT.H3K4me3
T.8.Nve.Sp.H3K4me3	abT.H3K4me3
T.8.Th.H3K4me3	abT.H3K4me3
T.DN4.Th.H3K4me3	abT.H3K4me3
T.DP.Th.H3K4me3	abT.H3K4me3
T.ISP.Th.H3K4me3	abT.H3K4me3
T4.TFH.flu.Sp.H3K4me3	abT.H3K4me3
T4.TFH21.flu.Sp.H3K4me3	abT.H3K4me3
T4.TFR.flu.Sp.H3K4me3	abT.H3K4me3
T4.TH1.flu.Sp.H3K4me3	abT.H3K4me3
T4.Tfh.LCMV.d7.Sp.H3K4me3	abT.H3K4me3
T4.Tfh.memory.LCMV.d40.Sp.H3K4me3	abT.H3K4me3
T4.Th1.LCMV.d7.Sp.H3K4me3	abT.H3K4me3
T4.Th1.memory.LCMV.d40.Sp.H3K4me3	abT.H3K4me3
T4n.Sp.H3K4me3	abT.H3K4me3
T8.IEL.LCMV.d7.SI.H3K4me3	abT.H3K4me3
T8.MP.LCMV.d7.Sp.H3K4me3	abT.H3K4me3
T8.TE.LCMV.d7.Sp.H3K4me3	abT.H3K4me3
T8.TN.P14.Sp.H3K4me3	abT.H3K4me3
T8.Tcm.LCMV.d60.Sp.H3K4me3	abT.H3K4me3
T8.Tem.LCMV.d60.Sp.H3K4me3	abT.H3K4me3
T8em.Sp.H3K4me3	abT.H3K4me3
Tgd.CD24n.Th.H3K4me3	gdT.H3K4me3
Tgd.Sp.H3K4me3	gdT.H3K4me3
Tgd.Vg1.1p.CD24p.Th.H3K4me3	gdT.H3K4me3
Tgd.Vg1.1p.CD27p.LN.H3K4me3	gdT.H3K4me3
Tgd.Vg2p.CCR6n.LN.H3K4me3	gdT.H3K4me3
Tgd.Vg2p.CCR6p.LN.H3K4me3	gdT.H3K4me3
Tgd.Vg2p.CD24p.Th.H3K4me3	gdT.H3K4me3
Treg.4.25hi.Sp.H3K4me3	abT.H3K4me3
Treg.Sp.H3K4me3	abT.H3K4me3
aTreg.Sp.H3K4me3	abT.H3K4me3
preT.DN1.Th.H3K4me3	abT.H3K4me3
preT.DN2a.Th.H3K4me3	abT.H3K4me3
preT.DN3.Th.H3K4me3	abT.H3K4me3
proB.FrBC.BM.H3K4me3	B.H3K4me3
proB.FrD.BM.H3K4me3	B.H3K4me3
proB.FrE.BM.H3K4me3	B.H3K4me3
rTreg.Sp.H3K4me3	abT.H3K4me3
B.Fem.Sp.H33	B.H33
B.Fo.Sp.H33	B.H33
B.FrE.BM.H33	B.H33
B.GC.CB.Sp.H33	B.H33
B.GC.CC.Sp.H33	B.H33
B.MZ.Sp.H33	B.H33
B.PB.Sp.H33	B.H33
B.PC.BM.H33	B.H33
B.PC.Sp.H33	B.H33
B.Sp.H33	B.H33
B.T1.Sp.H33	B.H33
B.T2.Sp.H33	B.H33
B.T3.Sp.H33	B.H33
B.mem.Sp.H33	B.H33
B1b.PC.H33	B.H33
BEC.SLN.H33	Stroma.H33
DC.103+11b+.SI.H33	Dendritic_cell.H33
DC.103+11b-.SI.H33	Dendritic_cell.H33
DC.4+.Sp.H33	Dendritic_cell.H33
DC.8+.Sp.H33	Dendritic_cell.H33
DC.pDC.Sp.H33	Dendritic_cell.H33
Ep.MEChi.Th.H33	Stroma.H33
FRC.CD140a+.Madcam-.CD35-.SLN.H33	Stroma.H33
GN.BM.H33	Myeloid.H33
GN.Sp.H33	Myeloid.H33
GN.Thio.PC.H33	Myeloid.H33
IAP.SLN.H33	Stroma.H33
ILC2.SI.H33	ILC.H33
ILC3.CCR6+.SI.H33	ILC.H33
ILC3.NKp46+.SI.H33	ILC.H33
ILC3.NKp46-CCR6-.SI.H33	ILC.H33
LEC.SLN.H33	Stroma.H33
LTHSC.34+.BM.H33	S&P.H33
LTHSC.34-.BM.H33	S&P.H33
MF.226+II+480lo.PC.H33	Myeloid.H33
MF.Alv.Lu.H33	Myeloid.H33
MF.Fem.PC.H33	Myeloid.H33
MF.ICAM+480hi.PC.H33	Myeloid.H33
MF.102+480+.PC.H33	Myeloid.H33
MF.LP.SI.H33	Myeloid.H33
MF.PC.H33	Myeloid.H33
MF.RP.Sp.H33	Myeloid.H33
MF.microglia.CNS.H33	Myeloid.H33
MF.pIC.Alv.Lu.H33	Myeloid.H33
MMP3.48+.BM.H33	S&P.H33
MMP4.135+.BM.H33	S&P.H33
Mo.6C+II-.Bl.H33	Monocyte.H33
Mo.6C-II-.Bl.H33	Monocyte.H33
NK.27+11b+.BM.H33	ILC.H33
NK.27+11b+.Sp.H33	ILC.H33
NK.27+11b-.BM.H33	ILC.H33
NK.27+11b-.Sp.H33	ILC.H33
NK.27-11b+.BM.H33	ILC.H33
NK.27-11b+.Sp.H33	ILC.H33
NKT.Sp.H33	abT.H33
NKT.Sp.LPS.18hr.H33	T.act.H33
NKT.Sp.LPS.3d.H33	T.act.H33
NKT.Sp.LPS.3hr.H33	T.act.H33
STHSC.150-.BM.H33	S&P.H33
T.4.Nve.Fem.Sp.H33	abT.H33
T.4.Nve.Sp.H33	abT.H33
T.4.Sp.aCD3+CD40.18hr.H33	T.act.H33
T.4.Th.H33	abT.H33
T.8.Nve.Sp.H33	abT.H33
T.8.Th.H33	abT.H33
T.DN4.Th.H33	abT.H33
T.DP.Th.H33	abT.H33
T.ISP.Th.H33	abT.H33
T8.IEL.LCMV.d7.SI.H33	T.act.H33
T8.IEL.LCMV.d7.Gut.H33	T.act.H33
T8.MP.LCMV.d7.Sp.H33	T.act.H33
T8.TE.LCMV.d7.Sp.H33	T.act.H33
T8.TN.P14.Sp.H33	T.act.H33
T8.Tcm.LCMV.d180.Sp.H33	T.act.H33
T8.Tem.LCMV.d180.Sp.H33	T.act.H33
Tgd.Sp.H33	gdT.H33
Tgd.g1.1+d1.24a+.Th.H33	gdT.H33
Tgd.g1.1+d1.LN.H33	gdT.H33
Tgd.g2+d1.24a+.Th.H33	gdT.H33
Tgd.g2+d1.LN.H33	gdT.H33
Tgd.g2+d17.24a+.Th.H33	gdT.H33
Tgd.g2+d17.LN.H33	gdT.H33
Treg.4.25hi.Sp.H33	abT.H33
Treg.4.FP3+.Nrplo.Co.H33	abT.H33
preB.FrD.BM.H33	B.H33
preT.DN1.Th.H33	abT.H33
preT.DN2a.Th.H33	abT.H33
preT.DN2b.Th.H33	abT.H33
preT.DN3.Th.H33	abT.H33
proB.CLP.BM.H33	B.H33
proB.FrA.BM.H33	B.H33
proB.FrBC.BM.H33	B.H33
B.B1a.PC.H33	B.H33
B.B1b.PC.H33	B.H33
B.GC.CB.Sp.H33	B.H33
B.GC.CC.Sp.H33	B.H33
B.MZ.Sp.H33	B.H33
B.PB.Sp.H33	B.H33
B.PC.BM.H33	B.H33
B.PC.Sp.H33	B.H33
B.fo.CBDM.Sp.H33	B.H33
B.fo.Nutt.Sp.H33	B.H33
Ba.IgE.Sp.H33	Basophil.H33
Ba.Sp.H33	Basophil.H33
CMP.BM.H33	S&P.H33
DC.4p.Sp.H33	Dendritic_cell.H33
DC.8p.Sp.H33	Dendritic_cell.H33
Ep.mTEChi.Th.H33	Stroma.H33
GMP.BM.KP.H33	S&P.H33
GMP.JB.BM.H33	S&P.H33
GMP.Merad.BM.H33	S&P.H33
GN.CBDM.Sp.H33	Granulocyte.H33
Gn.BM.H33	Granulocyte.H33
Gn.Bl.H33	Granulocyte.H33
Gn.IL1b.Lu.H33	Granulocyte.H33
Gn.IL1b.PC.H33	Granulocyte.H33
Gn.Nigrovic.Sp.H33	Granulocyte.H33
ILC2.SI.H33	ILC.H33
ILC3.CCR6nNKp46n.SI.H33	ILC.H33
ILC3.CCR6p.SI.H33	ILC.H33
ILC3.NKp46p.SI.H33	ILC.H33
LSK.BM.H33	S&P.H33
MEP.BM.H33	S&P.H33
MF.AM.Lu.H33	Macrophage.H33
MF.AM.Lu.KP.H33	Macrophage.H33
MF.Co.H33	Macrophage.H33
MF.KC.Lv.H33	Macrophage.H33
MF.PC.H33	Macrophage.H33
MF.Rp.Sp.H33	Macrophage.H33
MG.Br.H33	Macrophage.H33
MZB.Sp.H33	B.H33
Mc.IgE.PC.H33	Mast.H33
Mc.PC.H33	Mast.H33
Mo.6Cp.Sp.H33	Monocyte.H33
Mo.6CpIIn.BM.H33	Monocyte.H33
Mo.6CpIIn.BM.KP.H33	Monocyte.H33
NK.Ly49Hp.Sp.H33	ILC.H33
NK.Mem.MCMV.d4.Sp.H33	ILC.H33
NK.Sp.H33	ILC.H33
NKT.TcrbpCd1dtetp.Lv.H33	abT.H33
NKT.TcrbpCd1dtetp.Sp.H33	abT.H33
NKT.TcrbpCd1dtetp.Th.H33	abT.H33
T.4.Em.Sp.H33	abT.H33
T.4.Kang.Th.H33	abT.H33
T.4.Nve.Sp.H33	abT.H33
T.4.Th.H33	abT.H33
T.4.aCD3pCD40.18h.Sp.H33	abT.H33
T.8.Em.Sp.H33	abT.H33
T.8.Nve.Sp.H33	abT.H33
T.8.Th.H33	abT.H33
T.DN4.Th.H33	abT.H33
T.DP.Th.H33	abT.H33
T.ISP.Th.H33	abT.H33
T4.TFH.flu.Sp.H33	abT.H33
T4.TFH21.flu.Sp.H33	abT.H33
T4.TFR.flu.Sp.H33	abT.H33
T4.TH1.flu.Sp.H33	abT.H33
T4.Tfh.LCMV.d7.Sp.H33	abT.H33
T4.Tfh.memory.LCMV.d40.Sp.H33	abT.H33
T4.Th1.LCMV.d7.Sp.H33	abT.H33
T4.Th1.memory.LCMV.d40.Sp.H33	abT.H33
T4n.Sp.H33	abT.H33
T8.IEL.LCMV.d7.SI.H33	abT.H33
T8.MP.LCMV.d7.Sp.H33	abT.H33
T8.TE.LCMV.d7.Sp.H33	abT.H33
T8.TN.P14.Sp.H33	abT.H33
T8.Tcm.LCMV.d60.Sp.H33	abT.H33
T8.Tem.LCMV.d60.Sp.H33	abT.H33
T8em.Sp.H33	abT.H33
Tgd.CD24n.Th.H33	gdT.H33
Tgd.Sp.H33	gdT.H33
Tgd.Vg1.1p.CD24p.Th.H33	gdT.H33
Tgd.Vg1.1p.CD27p.LN.H33	gdT.H33
Tgd.Vg2p.CCR6n.LN.H33	gdT.H33
Tgd.Vg2p.CCR6p.LN.H33	gdT.H33
Tgd.Vg2p.CD24p.Th.H33	gdT.H33
Treg.4.25hi.Sp.H33	abT.H33
Treg.Sp.H33	abT.H33
aTreg.Sp.H33	abT.H33
preT.DN1.Th.H33	abT.H33
preT.DN2a.Th.H33	abT.H33
preT.DN3.Th.H33	abT.H33
proB.FrBC.BM.H33	B.H33
proB.FrD.BM.H33	B.H33
proB.FrE.BM.H33	B.H33
rTreg.Sp.H33	abT.H33
B.Fem.Sp.H3K27me3	B.H3K27me3
B.Fo.Sp.H3K27me3	B.H3K27me3
B.FrE.BM.H3K27me3	B.H3K27me3
B.GC.CB.Sp.H3K27me3	B.H3K27me3
B.GC.CC.Sp.H3K27me3	B.H3K27me3
B.MZ.Sp.H3K27me3	B.H3K27me3
B.PB.Sp.H3K27me3	B.H3K27me3
B.PC.BM.H3K27me3	B.H3K27me3
B.PC.Sp.H3K27me3	B.H3K27me3
B.Sp.H3K27me3	B.H3K27me3
B.T1.Sp.H3K27me3	B.H3K27me3
B.T2.Sp.H3K27me3	B.H3K27me3
B.T3.Sp.H3K27me3	B.H3K27me3
B.mem.Sp.H3K27me3	B.H3K27me3
B1b.PC.H3K27me3	B.H3K27me3
BEC.SLN.H3K27me3	Stroma.H3K27me3
DC.103+11b+.SI.H3K27me3	Dendritic_cell.H3K27me3
DC.103+11b-.SI.H3K27me3	Dendritic_cell.H3K27me3
DC.4+.Sp.H3K27me3	Dendritic_cell.H3K27me3
DC.8+.Sp.H3K27me3	Dendritic_cell.H3K27me3
DC.pDC.Sp.H3K27me3	Dendritic_cell.H3K27me3
Ep.MEChi.Th.H3K27me3	Stroma.H3K27me3
FRC.CD140a+.Madcam-.CD35-.SLN.H3K27me3	Stroma.H3K27me3
GN.BM.H3K27me3	Myeloid.H3K27me3
GN.Sp.H3K27me3	Myeloid.H3K27me3
GN.Thio.PC.H3K27me3	Myeloid.H3K27me3
IAP.SLN.H3K27me3	Stroma.H3K27me3
ILC2.SI.H3K27me3	ILC.H3K27me3
ILC3.CCR6+.SI.H3K27me3	ILC.H3K27me3
ILC3.NKp46+.SI.H3K27me3	ILC.H3K27me3
ILC3.NKp46-CCR6-.SI.H3K27me3	ILC.H3K27me3
LEC.SLN.H3K27me3	Stroma.H3K27me3
LTHSC.34+.BM.H3K27me3	S&P.H3K27me3
LTHSC.34-.BM.H3K27me3	S&P.H3K27me3
MF.226+II+480lo.PC.H3K27me3	Myeloid.H3K27me3
MF.Alv.Lu.H3K27me3	Myeloid.H3K27me3
MF.Fem.PC.H3K27me3	Myeloid.H3K27me3
MF.ICAM+480hi.PC.H3K27me3	Myeloid.H3K27me3
MF.102+480+.PC.H3K27me3	Myeloid.H3K27me3
MF.LP.SI.H3K27me3	Myeloid.H3K27me3
MF.PC.H3K27me3	Myeloid.H3K27me3
MF.RP.Sp.H3K27me3	Myeloid.H3K27me3
MF.microglia.CNS.H3K27me3	Myeloid.H3K27me3
MF.pIC.Alv.Lu.H3K27me3	Myeloid.H3K27me3
MMP3.48+.BM.H3K27me3	S&P.H3K27me3
MMP4.135+.BM.H3K27me3	S&P.H3K27me3
Mo.6C+II-.Bl.H3K27me3	Monocyte.H3K27me3
Mo.6C-II-.Bl.H3K27me3	Monocyte.H3K27me3
NK.27+11b+.BM.H3K27me3	ILC.H3K27me3
NK.27+11b+.Sp.H3K27me3	ILC.H3K27me3
NK.27+11b-.BM.H3K27me3	ILC.H3K27me3
NK.27+11b-.Sp.H3K27me3	ILC.H3K27me3
NK.27-11b+.BM.H3K27me3	ILC.H3K27me3
NK.27-11b+.Sp.H3K27me3	ILC.H3K27me3
NKT.Sp.H3K27me3	abT.H3K27me3
NKT.Sp.LPS.18hr.H3K27me3	T.act.H3K27me3
NKT.Sp.LPS.3d.H3K27me3	T.act.H3K27me3
NKT.Sp.LPS.3hr.H3K27me3	T.act.H3K27me3
STHSC.150-.BM.H3K27me3	S&P.H3K27me3
T.4.Nve.Fem.Sp.H3K27me3	abT.H3K27me3
T.4.Nve.Sp.H3K27me3	abT.H3K27me3
T.4.Sp.aCD3+CD40.18hr.H3K27me3	T.act.H3K27me3
T.4.Th.H3K27me3	abT.H3K27me3
T.8.Nve.Sp.H3K27me3	abT.H3K27me3
T.8.Th.H3K27me3	abT.H3K27me3
T.DN4.Th.H3K27me3	abT.H3K27me3
T.DP.Th.H3K27me3	abT.H3K27me3
T.ISP.Th.H3K27me3	abT.H3K27me3
T8.IEL.LCMV.d7.SI.H3K27me3	T.act.H3K27me3
T8.IEL.LCMV.d7.Gut.H3K27me3	T.act.H3K27me3
T8.MP.LCMV.d7.Sp.H3K27me3	T.act.H3K27me3
T8.TE.LCMV.d7.Sp.H3K27me3	T.act.H3K27me3
T8.TN.P14.Sp.H3K27me3	T.act.H3K27me3
T8.Tcm.LCMV.d180.Sp.H3K27me3	T.act.H3K27me3
T8.Tem.LCMV.d180.Sp.H3K27me3	T.act.H3K27me3
Tgd.Sp.H3K27me3	gdT.H3K27me3
Tgd.g1.1+d1.24a+.Th.H3K27me3	gdT.H3K27me3
Tgd.g1.1+d1.LN.H3K27me3	gdT.H3K27me3
Tgd.g2+d1.24a+.Th.H3K27me3	gdT.H3K27me3
Tgd.g2+d1.LN.H3K27me3	gdT.H3K27me3
Tgd.g2+d17.24a+.Th.H3K27me3	gdT.H3K27me3
Tgd.g2+d17.LN.H3K27me3	gdT.H3K27me3
Treg.4.25hi.Sp.H3K27me3	abT.H3K27me3
Treg.4.FP3+.Nrplo.Co.H3K27me3	abT.H3K27me3
preB.FrD.BM.H3K27me3	B.H3K27me3
preT.DN1.Th.H3K27me3	abT.H3K27me3
preT.DN2a.Th.H3K27me3	abT.H3K27me3
preT.DN2b.Th.H3K27me3	abT.H3K27me3
preT.DN3.Th.H3K27me3	abT.H3K27me3
proB.CLP.BM.H3K27me3	B.H3K27me3
proB.FrA.BM.H3K27me3	B.H3K27me3
proB.FrBC.BM.H3K27me3	B.H3K27me3
B.B1a.PC.H3K27me3	B.H3K27me3
B.B1b.PC.H3K27me3	B.H3K27me3
B.GC.CB.Sp.H3K27me3	B.H3K27me3
B.GC.CC.Sp.H3K27me3	B.H3K27me3
B.MZ.Sp.H3K27me3	B.H3K27me3
B.PB.Sp.H3K27me3	B.H3K27me3
B.PC.BM.H3K27me3	B.H3K27me3
B.PC.Sp.H3K27me3	B.H3K27me3
B.fo.CBDM.Sp.H3K27me3	B.H3K27me3
B.fo.Nutt.Sp.H3K27me3	B.H3K27me3
Ba.IgE.Sp.H3K27me3	Basophil.H3K27me3
Ba.Sp.H3K27me3	Basophil.H3K27me3
CMP.BM.H3K27me3	S&P.H3K27me3
DC.4p.Sp.H3K27me3	Dendritic_cell.H3K27me3
DC.8p.Sp.H3K27me3	Dendritic_cell.H3K27me3
Ep.mTEChi.Th.H3K27me3	Stroma.H3K27me3
GMP.BM.KP.H3K27me3	S&P.H3K27me3
GMP.JB.BM.H3K27me3	S&P.H3K27me3
GMP.Merad.BM.H3K27me3	S&P.H3K27me3
GN.CBDM.Sp.H3K27me3	Granulocyte.H3K27me3
Gn.BM.H3K27me3	Granulocyte.H3K27me3
Gn.Bl.H3K27me3	Granulocyte.H3K27me3
Gn.IL1b.Lu.H3K27me3	Granulocyte.H3K27me3
Gn.IL1b.PC.H3K27me3	Granulocyte.H3K27me3
Gn.Nigrovic.Sp.H3K27me3	Granulocyte.H3K27me3
ILC2.SI.H3K27me3	ILC.H3K27me3
ILC3.CCR6nNKp46n.SI.H3K27me3	ILC.H3K27me3
ILC3.CCR6p.SI.H3K27me3	ILC.H3K27me3
ILC3.NKp46p.SI.H3K27me3	ILC.H3K27me3
LSK.BM.H3K27me3	S&P.H3K27me3
MEP.BM.H3K27me3	S&P.H3K27me3
MF.AM.Lu.H3K27me3	Macrophage.H3K27me3
MF.AM.Lu.KP.H3K27me3	Macrophage.H3K27me3
MF.Co.H3K27me3	Macrophage.H3K27me3
MF.KC.Lv.H3K27me3	Macrophage.H3K27me3
MF.PC.H3K27me3	Macrophage.H3K27me3
MF.Rp.Sp.H3K27me3	Macrophage.H3K27me3
MG.Br.H3K27me3	Macrophage.H3K27me3
MZB.Sp.H3K27me3	B.H3K27me3
Mc.IgE.PC.H3K27me3	Mast.H3K27me3
Mc.PC.H3K27me3	Mast.H3K27me3
Mo.6Cp.Sp.H3K27me3	Monocyte.H3K27me3
Mo.6CpIIn.BM.H3K27me3	Monocyte.H3K27me3
Mo.6CpIIn.BM.KP.H3K27me3	Monocyte.H3K27me3
NK.Ly49Hp.Sp.H3K27me3	ILC.H3K27me3
NK.Mem.MCMV.d4.Sp.H3K27me3	ILC.H3K27me3
NK.Sp.H3K27me3	ILC.H3K27me3
NKT.TcrbpCd1dtetp.Lv.H3K27me3	abT.H3K27me3
NKT.TcrbpCd1dtetp.Sp.H3K27me3	abT.H3K27me3
NKT.TcrbpCd1dtetp.Th.H3K27me3	abT.H3K27me3
T.4.Em.Sp.H3K27me3	abT.H3K27me3
T.4.Kang.Th.H3K27me3	abT.H3K27me3
T.4.Nve.Sp.H3K27me3	abT.H3K27me3
T.4.Th.H3K27me3	abT.H3K27me3
T.4.aCD3pCD40.18h.Sp.H3K27me3	abT.H3K27me3
T.8.Em.Sp.H3K27me3	abT.H3K27me3
T.8.Nve.Sp.H3K27me3	abT.H3K27me3
T.8.Th.H3K27me3	abT.H3K27me3
T.DN4.Th.H3K27me3	abT.H3K27me3
T.DP.Th.H3K27me3	abT.H3K27me3
T.ISP.Th.H3K27me3	abT.H3K27me3
T4.TFH.flu.Sp.H3K27me3	abT.H3K27me3
T4.TFH21.flu.Sp.H3K27me3	abT.H3K27me3
T4.TFR.flu.Sp.H3K27me3	abT.H3K27me3
T4.TH1.flu.Sp.H3K27me3	abT.H3K27me3
T4.Tfh.LCMV.d7.Sp.H3K27me3	abT.H3K27me3
T4.Tfh.memory.LCMV.d40.Sp.H3K27me3	abT.H3K27me3
T4.Th1.LCMV.d7.Sp.H3K27me3	abT.H3K27me3
T4.Th1.memory.LCMV.d40.Sp.H3K27me3	abT.H3K27me3
T4n.Sp.H3K27me3	abT.H3K27me3
T8.IEL.LCMV.d7.SI.H3K27me3	abT.H3K27me3
T8.MP.LCMV.d7.Sp.H3K27me3	abT.H3K27me3
T8.TE.LCMV.d7.Sp.H3K27me3	abT.H3K27me3
T8.TN.P14.Sp.H3K27me3	abT.H3K27me3
T8.Tcm.LCMV.d60.Sp.H3K27me3	abT.H3K27me3
T8.Tem.LCMV.d60.Sp.H3K27me3	abT.H3K27me3
T8em.Sp.H3K27me3	abT.H3K27me3
Tgd.CD24n.Th.H3K27me3	gdT.H3K27me3
Tgd.Sp.H3K27me3	gdT.H3K27me3
Tgd.Vg1.1p.CD24p.Th.H3K27me3	gdT.H3K27me3
Tgd.Vg1.1p.CD27p.LN.H3K27me3	gdT.H3K27me3
Tgd.Vg2p.CCR6n.LN.H3K27me3	gdT.H3K27me3
Tgd.Vg2p.CCR6p.LN.H3K27me3	gdT.H3K27me3
Tgd.Vg2p.CD24p.Th.H3K27me3	gdT.H3K27me3
Treg.4.25hi.Sp.H3K27me3	abT.H3K27me3
Treg.Sp.H3K27me3	abT.H3K27me3
aTreg.Sp.H3K27me3	abT.H3K27me3
preT.DN1.Th.H3K27me3	abT.H3K27me3
preT.DN2a.Th.H3K27me3	abT.H3K27me3
preT.DN3.Th.H3K27me3	abT.H3K27me3
proB.FrBC.BM.H3K27me3	B.H3K27me3
proB.FrD.BM.H3K27me3	B.H3K27me3
proB.FrE.BM.H3K27me3	B.H3K27me3
rTreg.Sp.H3K27me3	abT.H3K27me3
B.Fem.Sp.H3K4me1	B.H3K4me1
B.Fo.Sp.H3K4me1	B.H3K4me1
B.FrE.BM.H3K4me1	B.H3K4me1
B.GC.CB.Sp.H3K4me1	B.H3K4me1
B.GC.CC.Sp.H3K4me1	B.H3K4me1
B.MZ.Sp.H3K4me1	B.H3K4me1
B.PB.Sp.H3K4me1	B.H3K4me1
B.PC.BM.H3K4me1	B.H3K4me1
B.PC.Sp.H3K4me1	B.H3K4me1
B.Sp.H3K4me1	B.H3K4me1
B.T1.Sp.H3K4me1	B.H3K4me1
B.T2.Sp.H3K4me1	B.H3K4me1
B.T3.Sp.H3K4me1	B.H3K4me1
B.mem.Sp.H3K4me1	B.H3K4me1
B1b.PC.H3K4me1	B.H3K4me1
BEC.SLN.H3K4me1	Stroma.H3K4me1
DC.103+11b+.SI.H3K4me1	Dendritic_cell.H3K4me1
DC.103+11b-.SI.H3K4me1	Dendritic_cell.H3K4me1
DC.4+.Sp.H3K4me1	Dendritic_cell.H3K4me1
DC.8+.Sp.H3K4me1	Dendritic_cell.H3K4me1
DC.pDC.Sp.H3K4me1	Dendritic_cell.H3K4me1
Ep.MEChi.Th.H3K4me1	Stroma.H3K4me1
FRC.CD140a+.Madcam-.CD35-.SLN.H3K4me1	Stroma.H3K4me1
GN.BM.H3K4me1	Myeloid.H3K4me1
GN.Sp.H3K4me1	Myeloid.H3K4me1
GN.Thio.PC.H3K4me1	Myeloid.H3K4me1
IAP.SLN.H3K4me1	Stroma.H3K4me1
ILC2.SI.H3K4me1	ILC.H3K4me1
ILC3.CCR6+.SI.H3K4me1	ILC.H3K4me1
ILC3.NKp46+.SI.H3K4me1	ILC.H3K4me1
ILC3.NKp46-CCR6-.SI.H3K4me1	ILC.H3K4me1
LEC.SLN.H3K4me1	Stroma.H3K4me1
LTHSC.34+.BM.H3K4me1	S&P.H3K4me1
LTHSC.34-.BM.H3K4me1	S&P.H3K4me1
MF.226+II+480lo.PC.H3K4me1	Myeloid.H3K4me1
MF.Alv.Lu.H3K4me1	Myeloid.H3K4me1
MF.Fem.PC.H3K4me1	Myeloid.H3K4me1
MF.ICAM+480hi.PC.H3K4me1	Myeloid.H3K4me1
MF.102+480+.PC.H3K4me1	Myeloid.H3K4me1
MF.LP.SI.H3K4me1	Myeloid.H3K4me1
MF.PC.H3K4me1	Myeloid.H3K4me1
MF.RP.Sp.H3K4me1	Myeloid.H3K4me1
MF.microglia.CNS.H3K4me1	Myeloid.H3K4me1
MF.pIC.Alv.Lu.H3K4me1	Myeloid.H3K4me1
MMP3.48+.BM.H3K4me1	S&P.H3K4me1
MMP4.135+.BM.H3K4me1	S&P.H3K4me1
Mo.6C+II-.Bl.H3K4me1	Monocyte.H3K4me1
Mo.6C-II-.Bl.H3K4me1	Monocyte.H3K4me1
NK.27+11b+.BM.H3K4me1	ILC.H3K4me1
NK.27+11b+.Sp.H3K4me1	ILC.H3K4me1
NK.27+11b-.BM.H3K4me1	ILC.H3K4me1
NK.27+11b-.Sp.H3K4me1	ILC.H3K4me1
NK.27-11b+.BM.H3K4me1	ILC.H3K4me1
NK.27-11b+.Sp.H3K4me1	ILC.H3K4me1
NKT.Sp.H3K4me1	abT.H3K4me1
NKT.Sp.LPS.18hr.H3K4me1	T.act.H3K4me1
NKT.Sp.LPS.3d.H3K4me1	T.act.H3K4me1
NKT.Sp.LPS.3hr.H3K4me1	T.act.H3K4me1
STHSC.150-.BM.H3K4me1	S&P.H3K4me1
T.4.Nve.Fem.Sp.H3K4me1	abT.H3K4me1
T.4.Nve.Sp.H3K4me1	abT.H3K4me1
T.4.Sp.aCD3+CD40.18hr.H3K4me1	T.act.H3K4me1
T.4.Th.H3K4me1	abT.H3K4me1
T.8.Nve.Sp.H3K4me1	abT.H3K4me1
T.8.Th.H3K4me1	abT.H3K4me1
T.DN4.Th.H3K4me1	abT.H3K4me1
T.DP.Th.H3K4me1	abT.H3K4me1
T.ISP.Th.H3K4me1	abT.H3K4me1
T8.IEL.LCMV.d7.SI.H3K4me1	T.act.H3K4me1
T8.IEL.LCMV.d7.Gut.H3K4me1	T.act.H3K4me1
T8.MP.LCMV.d7.Sp.H3K4me1	T.act.H3K4me1
T8.TE.LCMV.d7.Sp.H3K4me1	T.act.H3K4me1
T8.TN.P14.Sp.H3K4me1	T.act.H3K4me1
T8.Tcm.LCMV.d180.Sp.H3K4me1	T.act.H3K4me1
T8.Tem.LCMV.d180.Sp.H3K4me1	T.act.H3K4me1
Tgd.Sp.H3K4me1	gdT.H3K4me1
Tgd.g1.1+d1.24a+.Th.H3K4me1	gdT.H3K4me1
Tgd.g1.1+d1.LN.H3K4me1	gdT.H3K4me1
Tgd.g2+d1.24a+.Th.H3K4me1	gdT.H3K4me1
Tgd.g2+d1.LN.H3K4me1	gdT.H3K4me1
Tgd.g2+d17.24a+.Th.H3K4me1	gdT.H3K4me1
Tgd.g2+d17.LN.H3K4me1	gdT.H3K4me1
Treg.4.25hi.Sp.H3K4me1	abT.H3K4me1
Treg.4.FP3+.Nrplo.Co.H3K4me1	abT.H3K4me1
preB.FrD.BM.H3K4me1	B.H3K4me1
preT.DN1.Th.H3K4me1	abT.H3K4me1
preT.DN2a.Th.H3K4me1	abT.H3K4me1
preT.DN2b.Th.H3K4me1	abT.H3K4me1
preT.DN3.Th.H3K4me1	abT.H3K4me1
proB.CLP.BM.H3K4me1	B.H3K4me1
proB.FrA.BM.H3K4me1	B.H3K4me1
proB.FrBC.BM.H3K4me1	B.H3K4me1
B.B1a.PC.H3K4me1	B.H3K4me1
B.B1b.PC.H3K4me1	B.H3K4me1
B.GC.CB.Sp.H3K4me1	B.H3K4me1
B.GC.CC.Sp.H3K4me1	B.H3K4me1
B.MZ.Sp.H3K4me1	B.H3K4me1
B.PB.Sp.H3K4me1	B.H3K4me1
B.PC.BM.H3K4me1	B.H3K4me1
B.PC.Sp.H3K4me1	B.H3K4me1
B.fo.CBDM.Sp.H3K4me1	B.H3K4me1
B.fo.Nutt.Sp.H3K4me1	B.H3K4me1
Ba.IgE.Sp.H3K4me1	Basophil.H3K4me1
Ba.Sp.H3K4me1	Basophil.H3K4me1
CMP.BM.H3K4me1	S&P.H3K4me1
DC.4p.Sp.H3K4me1	Dendritic_cell.H3K4me1
DC.8p.Sp.H3K4me1	Dendritic_cell.H3K4me1
Ep.mTEChi.Th.H3K4me1	Stroma.H3K4me1
GMP.BM.KP.H3K4me1	S&P.H3K4me1
GMP.JB.BM.H3K4me1	S&P.H3K4me1
GMP.Merad.BM.H3K4me1	S&P.H3K4me1
GN.CBDM.Sp.H3K4me1	Granulocyte.H3K4me1
Gn.BM.H3K4me1	Granulocyte.H3K4me1
Gn.Bl.H3K4me1	Granulocyte.H3K4me1
Gn.IL1b.Lu.H3K4me1	Granulocyte.H3K4me1
Gn.IL1b.PC.H3K4me1	Granulocyte.H3K4me1
Gn.Nigrovic.Sp.H3K4me1	Granulocyte.H3K4me1
ILC2.SI.H3K4me1	ILC.H3K4me1
ILC3.CCR6nNKp46n.SI.H3K4me1	ILC.H3K4me1
ILC3.CCR6p.SI.H3K4me1	ILC.H3K4me1
ILC3.NKp46p.SI.H3K4me1	ILC.H3K4me1
LSK.BM.H3K4me1	S&P.H3K4me1
MEP.BM.H3K4me1	S&P.H3K4me1
MF.AM.Lu.H3K4me1	Macrophage.H3K4me1
MF.AM.Lu.KP.H3K4me1	Macrophage.H3K4me1
MF.Co.H3K4me1	Macrophage.H3K4me1
MF.KC.Lv.H3K4me1	Macrophage.H3K4me1
MF.PC.H3K4me1	Macrophage.H3K4me1
MF.Rp.Sp.H3K4me1	Macrophage.H3K4me1
MG.Br.H3K4me1	Macrophage.H3K4me1
MZB.Sp.H3K4me1	B.H3K4me1
Mc.IgE.PC.H3K4me1	Mast.H3K4me1
Mc.PC.H3K4me1	Mast.H3K4me1
Mo.6Cp.Sp.H3K4me1	Monocyte.H3K4me1
Mo.6CpIIn.BM.H3K4me1	Monocyte.H3K4me1
Mo.6CpIIn.BM.KP.H3K4me1	Monocyte.H3K4me1
NK.Ly49Hp.Sp.H3K4me1	ILC.H3K4me1
NK.Mem.MCMV.d4.Sp.H3K4me1	ILC.H3K4me1
NK.Sp.H3K4me1	ILC.H3K4me1
NKT.TcrbpCd1dtetp.Lv.H3K4me1	abT.H3K4me1
NKT.TcrbpCd1dtetp.Sp.H3K4me1	abT.H3K4me1
NKT.TcrbpCd1dtetp.Th.H3K4me1	abT.H3K4me1
T.4.Em.Sp.H3K4me1	abT.H3K4me1
T.4.Kang.Th.H3K4me1	abT.H3K4me1
T.4.Nve.Sp.H3K4me1	abT.H3K4me1
T.4.Th.H3K4me1	abT.H3K4me1
T.4.aCD3pCD40.18h.Sp.H3K4me1	abT.H3K4me1
T.8.Em.Sp.H3K4me1	abT.H3K4me1
T.8.Nve.Sp.H3K4me1	abT.H3K4me1
T.8.Th.H3K4me1	abT.H3K4me1
T.DN4.Th.H3K4me1	abT.H3K4me1
T.DP.Th.H3K4me1	abT.H3K4me1
T.ISP.Th.H3K4me1	abT.H3K4me1
T4.TFH.flu.Sp.H3K4me1	abT.H3K4me1
T4.TFH21.flu.Sp.H3K4me1	abT.H3K4me1
T4.TFR.flu.Sp.H3K4me1	abT.H3K4me1
T4.TH1.flu.Sp.H3K4me1	abT.H3K4me1
T4.Tfh.LCMV.d7.Sp.H3K4me1	abT.H3K4me1
T4.Tfh.memory.LCMV.d40.Sp.H3K4me1	abT.H3K4me1
T4.Th1.LCMV.d7.Sp.H3K4me1	abT.H3K4me1
T4.Th1.memory.LCMV.d40.Sp.H3K4me1	abT.H3K4me1
T4n.Sp.H3K4me1	abT.H3K4me1
T8.IEL.LCMV.d7.SI.H3K4me1	abT.H3K4me1
T8.MP.LCMV.d7.Sp.H3K4me1	abT.H3K4me1
T8.TE.LCMV.d7.Sp.H3K4me1	abT.H3K4me1
T8.TN.P14.Sp.H3K4me1	abT.H3K4me1
T8.Tcm.LCMV.d60.Sp.H3K4me1	abT.H3K4me1
T8.Tem.LCMV.d60.Sp.H3K4me1	abT.H3K4me1
T8em.Sp.H3K4me1	abT.H3K4me1
Tgd.CD24n.Th.H3K4me1	gdT.H3K4me1
Tgd.Sp.H3K4me1	gdT.H3K4me1
Tgd.Vg1.1p.CD24p.Th.H3K4me1	gdT.H3K4me1
Tgd.Vg1.1p.CD27p.LN.H3K4me1	gdT.H3K4me1
Tgd.Vg2p.CCR6n.LN.H3K4me1	gdT.H3K4me1
Tgd.Vg2p.CCR6p.LN.H3K4me1	gdT.H3K4me1
Tgd.Vg2p.CD24p.Th.H3K4me1	gdT.H3K4me1
Treg.4.25hi.Sp.H3K4me1	abT.H3K4me1
Treg.Sp.H3K4me1	abT.H3K4me1
aTreg.Sp.H3K4me1	abT.H3K4me1
preT.DN1.Th.H3K4me1	abT.H3K4me1
preT.DN2a.Th.H3K4me1	abT.H3K4me1
preT.DN3.Th.H3K4me1	abT.H3K4me1
proB.FrBC.BM.H3K4me1	B.H3K4me1
proB.FrD.BM.H3K4me1	B.H3K4me1
proB.FrE.BM.H3K4me1	B.H3K4me1
rTreg.Sp.H3K4me1	abT.H3K4me1
B.Fem.Sp.ATAC	B.ATAC
B.Fo.Sp.ATAC	B.ATAC
B.FrE.BM.ATAC	B.ATAC
B.GC.CB.Sp.ATAC	B.ATAC
B.GC.CC.Sp.ATAC	B.ATAC
B.MZ.Sp.ATAC	B.ATAC
B.PB.Sp.ATAC	B.ATAC
B.PC.BM.ATAC	B.ATAC
B.PC.Sp.ATAC	B.ATAC
B.Sp.ATAC	B.ATAC
B.T1.Sp.ATAC	B.ATAC
B.T2.Sp.ATAC	B.ATAC
B.T3.Sp.ATAC	B.ATAC
B.mem.Sp.ATAC	B.ATAC
B1b.PC.ATAC	B.ATAC
BEC.SLN.ATAC	Stroma.ATAC
DC.103+11b+.SI.ATAC	Dendritic_cell.ATAC
DC.103+11b-.SI.ATAC	Dendritic_cell.ATAC
DC.4+.Sp.ATAC	Dendritic_cell.ATAC
DC.8+.Sp.ATAC	Dendritic_cell.ATAC
DC.pDC.Sp.ATAC	Dendritic_cell.ATAC
Ep.MEChi.Th.ATAC	Stroma.ATAC
FRC.CD140a+.Madcam-.CD35-.SLN.ATAC	Stroma.ATAC
GN.BM.ATAC	Myeloid.ATAC
GN.Sp.ATAC	Myeloid.ATAC
GN.Thio.PC.ATAC	Myeloid.ATAC
IAP.SLN.ATAC	Stroma.ATAC
ILC2.SI.ATAC	ILC.ATAC
ILC3.CCR6+.SI.ATAC	ILC.ATAC
ILC3.NKp46+.SI.ATAC	ILC.ATAC
ILC3.NKp46-CCR6-.SI.ATAC	ILC.ATAC
LEC.SLN.ATAC	Stroma.ATAC
LTHSC.34+.BM.ATAC	S&P.ATAC
LTHSC.34-.BM.ATAC	S&P.ATAC
MF.226+II+480lo.PC.ATAC	Myeloid.ATAC
MF.Alv.Lu.ATAC	Myeloid.ATAC
MF.Fem.PC.ATAC	Myeloid.ATAC
MF.ICAM+480hi.PC.ATAC	Myeloid.ATAC
MF.102+480+.PC.ATAC	Myeloid.ATAC
MF.LP.SI.ATAC	Myeloid.ATAC
MF.PC.ATAC	Myeloid.ATAC
MF.RP.Sp.ATAC	Myeloid.ATAC
MF.microglia.CNS.ATAC	Myeloid.ATAC
MF.pIC.Alv.Lu.ATAC	Myeloid.ATAC
MMP3.48+.BM.ATAC	S&P.ATAC
MMP4.135+.BM.ATAC	S&P.ATAC
Mo.6C+II-.Bl.ATAC	Monocyte.ATAC
Mo.6C-II-.Bl.ATAC	Monocyte.ATAC
NK.27+11b+.BM.ATAC	ILC.ATAC
NK.27+11b+.Sp.ATAC	ILC.ATAC
NK.27+11b-.BM.ATAC	ILC.ATAC
NK.27+11b-.Sp.ATAC	ILC.ATAC
NK.27-11b+.BM.ATAC	ILC.ATAC
NK.27-11b+.Sp.ATAC	ILC.ATAC
NKT.Sp.ATAC	abT.ATAC
NKT.Sp.LPS.18hr.ATAC	T.act.ATAC
NKT.Sp.LPS.3d.ATAC	T.act.ATAC
NKT.Sp.LPS.3hr.ATAC	T.act.ATAC
STHSC.150-.BM.ATAC	S&P.ATAC
T.4.Nve.Fem.Sp.ATAC	abT.ATAC
T.4.Nve.Sp.ATAC	abT.ATAC
T.4.Sp.aCD3+CD40.18hr.ATAC	T.act.ATAC
T.4.Th.ATAC	abT.ATAC
T.8.Nve.Sp.ATAC	abT.ATAC
T.8.Th.ATAC	abT.ATAC
T.DN4.Th.ATAC	abT.ATAC
T.DP.Th.ATAC	abT.ATAC
T.ISP.Th.ATAC	abT.ATAC
T8.IEL.LCMV.d7.SI.ATAC	T.act.ATAC
T8.IEL.LCMV.d7.Gut.ATAC	T.act.ATAC
T8.MP.LCMV.d7.Sp.ATAC	T.act.ATAC
T8.TE.LCMV.d7.Sp.ATAC	T.act.ATAC
T8.TN.P14.Sp.ATAC	T.act.ATAC
T8.Tcm.LCMV.d180.Sp.ATAC	T.act.ATAC
T8.Tem.LCMV.d180.Sp.ATAC	T.act.ATAC
Tgd.Sp.ATAC	gdT.ATAC
Tgd.g1.1+d1.24a+.Th.ATAC	gdT.ATAC
Tgd.g1.1+d1.LN.ATAC	gdT.ATAC
Tgd.g2+d1.24a+.Th.ATAC	gdT.ATAC
Tgd.g2+d1.LN.ATAC	gdT.ATAC
Tgd.g2+d17.24a+.Th.ATAC	gdT.ATAC
Tgd.g2+d17.LN.ATAC	gdT.ATAC
Treg.4.25hi.Sp.ATAC	abT.ATAC
Treg.4.FP3+.Nrplo.Co.ATAC	abT.ATAC
preB.FrD.BM.ATAC	B.ATAC
preT.DN1.Th.ATAC	abT.ATAC
preT.DN2a.Th.ATAC	abT.ATAC
preT.DN2b.Th.ATAC	abT.ATAC
preT.DN3.Th.ATAC	abT.ATAC
proB.CLP.BM.ATAC	B.ATAC
proB.FrA.BM.ATAC	B.ATAC
proB.FrBC.BM.ATAC	B.ATAC
B.B1a.PC.ATAC	B.ATAC
B.B1b.PC.ATAC	B.ATAC
B.GC.CB.Sp.ATAC	B.ATAC
B.GC.CC.Sp.ATAC	B.ATAC
B.MZ.Sp.ATAC	B.ATAC
B.PB.Sp.ATAC	B.ATAC
B.PC.BM.ATAC	B.ATAC
B.PC.Sp.ATAC	B.ATAC
B.fo.CBDM.Sp.ATAC	B.ATAC
B.fo.Nutt.Sp.ATAC	B.ATAC
Ba.IgE.Sp.ATAC	Basophil.ATAC
Ba.Sp.ATAC	Basophil.ATAC
CMP.BM.ATAC	S&P.ATAC
DC.4p.Sp.ATAC	Dendritic_cell.ATAC
DC.8p.Sp.ATAC	Dendritic_cell.ATAC
Ep.mTEChi.Th.ATAC	Stroma.ATAC
GMP.BM.KP.ATAC	S&P.ATAC
GMP.JB.BM.ATAC	S&P.ATAC
GMP.Merad.BM.ATAC	S&P.ATAC
GN.CBDM.Sp.ATAC	Granulocyte.ATAC
Gn.BM.ATAC	Granulocyte.ATAC
Gn.Bl.ATAC	Granulocyte.ATAC
Gn.IL1b.Lu.ATAC	Granulocyte.ATAC
Gn.IL1b.PC.ATAC	Granulocyte.ATAC
Gn.Nigrovic.Sp.ATAC	Granulocyte.ATAC
ILC2.SI.ATAC	ILC.ATAC
ILC3.CCR6nNKp46n.SI.ATAC	ILC.ATAC
ILC3.CCR6p.SI.ATAC	ILC.ATAC
ILC3.NKp46p.SI.ATAC	ILC.ATAC
LSK.BM.ATAC	S&P.ATAC
MEP.BM.ATAC	S&P.ATAC
MF.AM.Lu.ATAC	Macrophage.ATAC
MF.AM.Lu.KP.ATAC	Macrophage.ATAC
MF.Co.ATAC	Macrophage.ATAC
MF.KC.Lv.ATAC	Macrophage.ATAC
MF.PC.ATAC	Macrophage.ATAC
MF.Rp.Sp.ATAC	Macrophage.ATAC
MG.Br.ATAC	Macrophage.ATAC
MZB.Sp.ATAC	B.ATAC
Mc.IgE.PC.ATAC	Mast.ATAC
Mc.PC.ATAC	Mast.ATAC
Mo.6Cp.Sp.ATAC	Monocyte.ATAC
Mo.6CpIIn.BM.ATAC	Monocyte.ATAC
Mo.6CpIIn.BM.KP.ATAC	Monocyte.ATAC
NK.Ly49Hp.Sp.ATAC	ILC.ATAC
NK.Mem.MCMV.d4.Sp.ATAC	ILC.ATAC
NK.Sp.ATAC	ILC.ATAC
NKT.TcrbpCd1dtetp.Lv.ATAC	abT.ATAC
NKT.TcrbpCd1dtetp.Sp.ATAC	abT.ATAC
NKT.TcrbpCd1dtetp.Th.ATAC	abT.ATAC
T.4.Em.Sp.ATAC	abT.ATAC
T.4.Kang.Th.ATAC	abT.ATAC
T.4.Nve.Sp.ATAC	abT.ATAC
T.4.Th.ATAC	abT.ATAC
T.4.aCD3pCD40.18h.Sp.ATAC	abT.ATAC
T.8.Em.Sp.ATAC	abT.ATAC
T.8.Nve.Sp.ATAC	abT.ATAC
T.8.Th.ATAC	abT.ATAC
T.DN4.Th.ATAC	abT.ATAC
T.DP.Th.ATAC	abT.ATAC
T.ISP.Th.ATAC	abT.ATAC
T4.TFH.flu.Sp.ATAC	abT.ATAC
T4.TFH21.flu.Sp.ATAC	abT.ATAC
T4.TFR.flu.Sp.ATAC	abT.ATAC
T4.TH1.flu.Sp.ATAC	abT.ATAC
T4.Tfh.LCMV.d7.Sp.ATAC	abT.ATAC
T4.Tfh.memory.LCMV.d40.Sp.ATAC	abT.ATAC
T4.Th1.LCMV.d7.Sp.ATAC	abT.ATAC
T4.Th1.memory.LCMV.d40.Sp.ATAC	abT.ATAC
T4n.Sp.ATAC	abT.ATAC
T8.IEL.LCMV.d7.SI.ATAC	abT.ATAC
T8.MP.LCMV.d7.Sp.ATAC	abT.ATAC
T8.TE.LCMV.d7.Sp.ATAC	abT.ATAC
T8.TN.P14.Sp.ATAC	abT.ATAC
T8.Tcm.LCMV.d60.Sp.ATAC	abT.ATAC
T8.Tem.LCMV.d60.Sp.ATAC	abT.ATAC
T8em.Sp.ATAC	abT.ATAC
Tgd.CD24n.Th.ATAC	gdT.ATAC
Tgd.Sp.ATAC	gdT.ATAC
Tgd.Vg1.1p.CD24p.Th.ATAC	gdT.ATAC
Tgd.Vg1.1p.CD27p.LN.ATAC	gdT.ATAC
Tgd.Vg2p.CCR6n.LN.ATAC	gdT.ATAC
Tgd.Vg2p.CCR6p.LN.ATAC	gdT.ATAC
Tgd.Vg2p.CD24p.Th.ATAC	gdT.ATAC
Treg.4.25hi.Sp.ATAC	abT.ATAC
Treg.Sp.ATAC	abT.ATAC
aTreg.Sp.ATAC	abT.ATAC
preT.DN1.Th.ATAC	abT.ATAC
preT.DN2a.Th.ATAC	abT.ATAC
preT.DN3.Th.ATAC	abT.ATAC
proB.FrBC.BM.ATAC	B.ATAC
proB.FrD.BM.ATAC	B.ATAC
proB.FrE.BM.ATAC	B.ATAC
rTreg.Sp.ATAC	abT.ATAC
